{
    "space_dimensions": {
        "x": 10.0,
        "y": 3.0,
        "z": 8.0
    },
    "objects": [
        {
            "cluster_id": 4,
            "object_label": "chair",
            "material": {
                "id": 14,
                "name": "plastic"
            },
            "bounds": {
                "x_min": 7.363381035180908,
                "x_max": 7.914543268466245,
                "y_min": 2.0107289933066164,
                "y_max": 2.2167921197258043,
                "z_min": 0.0,
                "z_max": 0.241922501836503
            },
            "dimensions": {
                "depth": 0.5511622332853365,
                "width": 0.2060631264191879,
                "height": 0.241922501836503
            }
        },
        {
            "cluster_id": 3,
            "object_label": "chair",
            "material": {
                "id": 9,
                "name": "metal"
            },
            "bounds": {
                "x_min": 8.322820349373611,
                "x_max": 8.682623632825255,
                "y_min": 1.885446689495842,
                "y_max": 2.061079989735889,
                "z_min": 0.12223459157770224,
                "z_max": 0.6659238686993578
            },
            "dimensions": {
                "depth": 0.3598032834516438,
                "width": 0.1756333002400472,
                "height": 0.5436892771216556
            }
        },
        {
            "cluster_id": 1,
            "object_label": "chair",
            "material": {
                "id": 8,
                "name": "leather"
            },
            "bounds": {
                "x_min": 0.01864991652397084,
                "x_max": 0.1793509517439492,
                "y_min": 0.24457451677926706,
                "y_max": 0.2785854977788436,
                "z_min": 7.2054750274172354,
                "z_max": 7.586184594446556
            },
            "dimensions": {
                "depth": 0.16070103521997836,
                "width": 0.03401098099957656,
                "height": 0.3807095670293208
            }
        },
        {
            "cluster_id": 0,
            "object_label": "chair",
            "material": {
                "id": 8,
                "name": "leather"
            },
            "bounds": {
                "x_min": 0.4585212672633054,
                "x_max": 10.0,
                "y_min": 0.0,
                "y_max": 3.0,
                "z_min": 0.48384525832840525,
                "z_max": 8.0
            },
            "dimensions": {
                "depth": 9.541478732736694,
                "width": 3.0,
                "height": 7.516154741671595
            }
        },
        {
            "cluster_id": 2,
            "object_label": "keyboard",
            "material": {
                "id": 8,
                "name": "leather"
            },
            "bounds": {
                "x_min": 6.4017634753472885,
                "x_max": 6.524324521221571,
                "y_min": 1.5631845110634832,
                "y_max": 1.594004035950696,
                "z_min": 1.3394875267000217,
                "z_max": 1.4910072345211496
            },
            "dimensions": {
                "depth": 0.12256104587428229,
                "width": 0.030819524887212735,
                "height": 0.1515197078211279
            }
        }
    ]
}